pokemon_name,pokedex_num,pkmn,type1,type2
Chikorita,001,Chikorita,Grass,null
Bayleef,002,Bayleef,Grass,null
Meganium,003,Meganium,Grass,null
Cyndaquil,004,Cyndaquil,Fire,null
Quilava,005,Quilava,Fire,null
Typhlosion,006,Typhlosion,Fire,null
Totodile,007,Totodile,Water,null
Croconaw,008,Croconaw,Water,null
Feraligatr,009,Feraligatr,Water,null
Pidgey,010,Pidgey,Normal,Flying
Pidgeotto,011,Pidgeotto,Normal,Flying
Pidgeot,012,Pidgeot,Normal,Flying
Spearow,013,Spearow,Normal,Flying
Fearow,014,Fearow,Normal,Flying
Hoothoot,015,Hoothoot,Normal,Flying
Noctowl,016,Noctowl,Normal,Flying
Rattata,017,Rattata,Normal,null
Raticate,018,Raticate,Normal,null
Sentret,019,Sentret,Normal,null
Furret,020,Furret,Normal,null
Pichu,021,Pichu,Electric,null
Pikachu,022,Pikachu,Electric,null
Raichu,023,Raichu,Electric,null
Caterpie,024,Caterpie,Bug,null
Metapod,025,Metapod,Bug,null
Butterfree,026,Butterfree,Bug,Flying
Weedle,027,Weedle,Bug,Poison
Kakuna,028,Kakuna,Bug,Poison
Beedrill,029,Beedrill,Bug,Poison
Ledyba,030,Ledyba,Bug,Flying
Ledian,031,Ledian,Bug,Flying
Spinarak,032,Spinarak,Bug,Poison
Ariados,033,Ariados,Bug,Poison
Geodude,034,Geodude,Rock,Ground
Graveler,035,Graveler,Rock,Ground
Golem,036,Golem,Rock,Ground
Zubat,037,Zubat,Poison,Flying
Golbat,038,Golbat,Poison,Flying
Crobat,039,Crobat,Poison,Flying
Cleffa,040,Cleffa,Normal,null
Clefairy,041,Clefairy,Normal,null
Clefable,042,Clefable,Normal,null
Igglybuff,043,Igglybuff,Normal,null
Jigglypuff,044,Jigglypuff,Normal,null
Wigglytuff,045,Wigglytuff,Normal,null
Togepi,046,Togepi,Normal,null
Togetic,047,Togetic,Normal,Flying
Sandshrew,048,Sandshrew,Ground,null
Sandslash,049,Sandslash,Ground,null
Ekans,050,Ekans,Poison,null
Arbok,051,Arbok,Poison,null
Dunsparce,052,Dunsparce,Normal,null
Mareep,053,Mareep,Electric,null
Flaaffy,054,Flaaffy,Electric,null
Ampharos,055,Ampharos,Electric,null
Wooper,056,Wooper,Water,Ground
Quagsire,057,Quagsire,Water,Ground
Gastly,058,Gastly,Ghost,Poison
Haunter,059,Haunter,Ghost,Poison
Gengar,060,Gengar,Ghost,Poison
Unown,061,Unown,Psychic,null
Onix,062,Onix,Rock,Ground
Steelix,063,Steelix,Steel,Ground
Bellsprout,064,Bellsprout,Grass,Poison
Weepinbell,065,Weepinbell,Grass,Poison
Victreebel,066,Victreebel,Grass,Poison
Hoppip,067,Hoppip,Grass,Flying
Skiploom,068,Skiploom,Grass,Flying
Jumpluff,069,Jumpluff,Grass,Flying
Paras,070,Paras,Bug,Grass
Parasect,071,Parasect,Bug,Grass
Poliwag,072,Poliwag,Water,null
Poliwhirl,073,Poliwhirl,Water,null
Poliwrath,074,Poliwrath,Water,Fighting
Politoed,075,Politoed,Water,null
Magikarp,076,Magikarp,Water,null
Gyarados,077,Gyarados,Water,Flying
Goldeen,078,Goldeen,Water,null
Seaking,079,Seaking,Water,null
Slowpoke,080,Slowpoke,Water,Psychic
Slowbro,081,Slowbro,Water,Psychic
Slowking,082,Slowking,Water,Psychic
Oddish,083,Oddish,Grass,Poison
Gloom,084,Gloom,Grass,Poison
Vileplume,085,Vileplume,Grass,Poison
Bellossom,086,Bellossom,Grass,null
Drowzee,087,Drowzee,Psychic,null
Hypno,088,Hypno,Psychic,null
Abra,089,Abra,Psychic,null
Kadabra,090,Kadabra,Psychic,null
Alakazam,091,Alakazam,Psychic,null
Ditto,092,Ditto,Normal,null
Pineco,093,Pineco,Bug,null
Forretress,094,Forretress,Bug,Steel
Nidoran♀,095,Nidoran♀,Poison,null
Nidorina,096,Nidorina,Poison,null
Nidoqueen,097,Nidoqueen,Poison,Ground
Nidoran♂,098,Nidoran♂,Poison,null
Nidorino,099,Nidorino,Poison,null
Nidoking,100,Nidoking,Poison,Ground
Yanma,101,Yanma,Bug,Flying
Sunkern,102,Sunkern,Grass,null
Sunflora,103,Sunflora,Grass,null
Exeggcute,104,Exeggcute,Grass,Psychic
Exeggutor,105,Exeggutor,Grass,Psychic
Sudowoodo,106,Sudowoodo,Rock,null
Wobbuffet,107,Wobbuffet,Psychic,null
Venonat,108,Venonat,Bug,Poison
Venomoth,109,Venomoth,Bug,Poison
Scyther,110,Scyther,Bug,Flying
Scizor,111,Scizor,Bug,Steel
Pinsir,112,Pinsir,Bug,null
Heracross,113,Heracross,Bug,Fighting
Koffing,114,Koffing,Poison,null
Weezing,115,Weezing,Poison,null
Grimer,116,Grimer,Poison,null
Muk,117,Muk,Poison,null
Magnemite,118,Magnemite,Electric,Steel
Magneton,119,Magneton,Electric,Steel
Voltorb,120,Voltorb,Electric,null
Electrode,121,Electrode,Electric,null
Aipom,122,Aipom,Normal,null
Snubbull,123,Snubbull,Normal,null
Granbull,124,Granbull,Normal,null
Vulpix,125,Vulpix,Fire,null
Ninetales,126,Ninetales,Fire,null
Growlithe,127,Growlithe,Fire,null
Arcanine,128,Arcanine,Fire,null
Stantler,129,Stantler,Normal,null
Marill,130,Marill,Water,null
Azumarill,131,Azumarill,Water,null
Diglett,132,Diglett,Ground,null
Dugtrio,133,Dugtrio,Ground,null
Mankey,134,Mankey,Fighting,null
Primeape,135,Primeape,Fighting,null
Meowth,136,Meowth,Normal,null
Persian,137,Persian,Normal,null
Psyduck,138,Psyduck,Water,null
Golduck,139,Golduck,Water,null
Machop,140,Machop,Fighting,null
Machoke,141,Machoke,Fighting,null
Machamp,142,Machamp,Fighting,null
Tyrogue,143,Tyrogue,Fighting,null
Hitmonlee,144,Hitmonlee,Fighting,null
Hitmonchan,145,Hitmonchan,Fighting,null
Hitmontop,146,Hitmontop,Fighting,null
Girafarig,147,Girafarig,Normal,Psychic
Tauros,148,Tauros,Normal,null
Miltank,149,Miltank,Normal,null
Magby,150,Magby,Fire,null
Magmar,151,Magmar,Fire,null
Smoochum,152,Smoochum,Ice,Psychic
Jynx,153,Jynx,Ice,Psychic
Elekid,154,Elekid,Electric,null
Electabuzz,155,Electabuzz,Electric,null
Mr. Mime,156,Mr. Mime,Psychic,null
Smeargle,157,Smeargle,Normal,null
Farfetch'd,158,Farfetch'd,Normal,Flying
Natu,159,Natu,Psychic,Flying
Xatu,160,Xatu,Psychic,Flying
Qwilfish,161,Qwilfish,Water,Poison
Tentacool,162,Tentacool,Water,Poison
Tentacruel,163,Tentacruel,Water,Poison
Krabby,164,Krabby,Water,null
Kingler,165,Kingler,Water,null
Shuckle,166,Shuckle,Bug,Rock
Staryu,167,Staryu,Water,null
Starmie,168,Starmie,Water,Psychic
Shellder,169,Shellder,Water,null
Cloyster,170,Cloyster,Water,Ice
Corsola,171,Corsola,Water,Rock
Remoraid,172,Remoraid,Water,null
Octillery,173,Octillery,Water,null
Chinchou,174,Chinchou,Water,Electric
Lanturn,175,Lanturn,Water,Electric
Seel,176,Seel,Water,null
Dewgong,177,Dewgong,Water,Ice
Lickitung,178,Lickitung,Normal,null
Tangela,179,Tangela,Grass,null
Eevee,180,Eevee,Normal,null
Vaporeon,181,Vaporeon,Water,null
Jolteon,182,Jolteon,Electric,null
Flareon,183,Flareon,Fire,null
Espeon,184,Espeon,Psychic,null
Umbreon,185,Umbreon,Dark,null
Horsea,186,Horsea,Water,null
Seadra,187,Seadra,Water,null
Kingdra,188,Kingdra,Water,Dragon
Gligar,189,Gligar,Ground,Flying
Delibird,190,Delibird,Ice,Flying
Swinub,191,Swinub,Ice,Ground
Piloswine,192,Piloswine,Ice,Ground
Teddiursa,193,Teddiursa,Normal,null
Ursaring,194,Ursaring,Normal,null
Phanpy,195,Phanpy,Ground,null
Donphan,196,Donphan,Ground,null
Mantine,197,Mantine,Water,Flying
Skarmory,198,Skarmory,Steel,Flying
Doduo,199,Doduo,Normal,Flying
Dodrio,200,Dodrio,Normal,Flying
Ponyta,201,Ponyta,Fire,null
Rapidash,202,Rapidash,Fire,null
Cubone,203,Cubone,Ground,null
Marowak,204,Marowak,Ground,null
Kangaskhan,205,Kangaskhan,Normal,null
Rhyhorn,206,Rhyhorn,Ground,Rock
Rhydon,207,Rhydon,Ground,Rock
Murkrow,208,Murkrow,Dark,Flying
Houndour,209,Houndour,Dark,Fire
Houndoom,210,Houndoom,Dark,Fire
Slugma,211,Slugma,Fire,null
Magcargo,212,Magcargo,Fire,Rock
Sneasel,213,Sneasel,Dark,Ice
Misdreavus,214,Misdreavus,Ghost,null
Porygon,215,Porygon,Normal,null
Porygon2,216,Porygon2,Normal,null
Chansey,217,Chansey,Normal,null
Blissey,218,Blissey,Normal,null
Lapras,219,Lapras,Water,Ice
Omanyte,220,Omanyte,Rock,Water
Omastar,221,Omastar,Rock,Water
Kabuto,222,Kabuto,Rock,Water
Kabutops,223,Kabutops,Rock,Water
Aerodactyl,224,Aerodactyl,Rock,Flying
Snorlax,225,Snorlax,Normal,null
Articuno,226,Articuno,Ice,Flying
Zapdos,227,Zapdos,Electric,Flying
Moltres,228,Moltres,Fire,Flying
Dratini,229,Dratini,Dragon,null
Dragonair,230,Dragonair,Dragon,null
Dragonite,231,Dragonite,Dragon,Flying
Raikou,232,Raikou,Electric,null
Entei,233,Entei,Fire,null
Suicune,234,Suicune,Water,null
Larvitar,235,Larvitar,Rock,Ground
Pupitar,236,Pupitar,Rock,Ground
Tyranitar,237,Tyranitar,Rock,Dark
Lugia,238,Lugia,Psychic,Flying
Ho-oh,239,Ho-oh,Fire,Flying
